{
  "best_global_step": null,
  "best_metric": null,
  "best_model_checkpoint": null,
  "epoch": 3.0,
  "eval_steps": 100,
  "global_step": 177,
  "is_hyper_param_search": false,
  "is_local_process_zero": true,
  "is_world_process_zero": true,
  "log_history": [
    {
      "epoch": 0.1694915254237288,
      "grad_norm": 3.583319902420044,
      "learning_rate": 1.0588235294117648e-05,
      "logits/chosen": 0.42347702383995056,
      "logits/rejected": 0.5083385705947876,
      "logps/chosen": -4.752758502960205,
      "logps/rejected": -3.9602184295654297,
      "loss": 2.3005462646484376,
      "nll_loss": 0.0,
      "rewards/accuracies": 0.08124999701976776,
      "rewards/chosen": -9.50551700592041,
      "rewards/margins": -1.5850791931152344,
      "rewards/rejected": -7.920436859130859,
      "step": 10
    },
    {
      "epoch": 0.3389830508474576,
      "grad_norm": 2.990420341491699,
      "learning_rate": 1.9992290362407232e-05,
      "logits/chosen": 0.4429308772087097,
      "logits/rejected": 0.5435138940811157,
      "logps/chosen": -4.489850044250488,
      "logps/rejected": -4.160174369812012,
      "loss": 1.5829202651977539,
      "nll_loss": 0.0,
      "rewards/accuracies": 0.22499999403953552,
      "rewards/chosen": -8.979700088500977,
      "rewards/margins": -0.6593507528305054,
      "rewards/rejected": -8.320348739624023,
      "step": 20
    },
    {
      "epoch": 0.5084745762711864,
      "grad_norm": 1.788204550743103,
      "learning_rate": 1.9723699203976768e-05,
      "logits/chosen": 0.36729195713996887,
      "logits/rejected": 0.5111852288246155,
      "logps/chosen": -4.185666084289551,
      "logps/rejected": -4.686047554016113,
      "loss": 0.6543890953063964,
      "nll_loss": 0.0,
      "rewards/accuracies": 0.768750011920929,
      "rewards/chosen": -8.371332168579102,
      "rewards/margins": 1.000762939453125,
      "rewards/rejected": -9.372095108032227,
      "step": 30
    },
    {
      "epoch": 0.6779661016949152,
      "grad_norm": 0.36508649587631226,
      "learning_rate": 1.916187957117136e-05,
      "logits/chosen": -0.28678932785987854,
      "logits/rejected": -0.11100059747695923,
      "logps/chosen": -4.617274284362793,
      "logps/rejected": -6.359074115753174,
      "loss": 0.12236634492874146,
      "nll_loss": 0.0,
      "rewards/accuracies": 0.987500011920929,
      "rewards/chosen": -9.234548568725586,
      "rewards/margins": 3.483599901199341,
      "rewards/rejected": -12.718148231506348,
      "step": 40
    },
    {
      "epoch": 0.847457627118644,
      "grad_norm": 1.0149199962615967,
      "learning_rate": 1.8204014435255136e-05,
      "logits/chosen": -1.3789787292480469,
      "logits/rejected": -1.1585224866867065,
      "logps/chosen": -5.5327630043029785,
      "logps/rejected": -8.787396430969238,
      "loss": 0.018739920854568482,
      "nll_loss": 0.0,
      "rewards/accuracies": 1.0,
      "rewards/chosen": -11.065526008605957,
      "rewards/margins": 6.509264945983887,
      "rewards/rejected": -17.574792861938477,
      "step": 50
    },
    {
      "epoch": 1.0169491525423728,
      "grad_norm": 0.006181736011058092,
      "learning_rate": 1.6930873625456362e-05,
      "logits/chosen": -2.0114426612854004,
      "logits/rejected": -1.8046510219573975,
      "logps/chosen": -6.0305070877075195,
      "logps/rejected": -10.715943336486816,
      "loss": 0.0009235493838787079,
      "nll_loss": 0.0,
      "rewards/accuracies": 1.0,
      "rewards/chosen": -12.061014175415039,
      "rewards/margins": 9.370874404907227,
      "rewards/rejected": -21.431886672973633,
      "step": 60
    },
    {
      "epoch": 1.1864406779661016,
      "grad_norm": 0.0027695943135768175,
      "learning_rate": 1.5391383229110005e-05,
      "logits/chosen": -2.1417343616485596,
      "logits/rejected": -1.977853536605835,
      "logps/chosen": -6.292173862457275,
      "logps/rejected": -11.536999702453613,
      "loss": 0.00013951974688097835,
      "nll_loss": 0.0,
      "rewards/accuracies": 1.0,
      "rewards/chosen": -12.58434772491455,
      "rewards/margins": 10.489652633666992,
      "rewards/rejected": -23.073999404907227,
      "step": 70
    },
    {
      "epoch": 1.3559322033898304,
      "grad_norm": 0.001499761245213449,
      "learning_rate": 1.3644704998791501e-05,
      "logits/chosen": -2.192579746246338,
      "logits/rejected": -2.0045666694641113,
      "logps/chosen": -6.4859113693237305,
      "logps/rejected": -11.853303909301758,
      "loss": 0.00013972482411190869,
      "nll_loss": 0.0,
      "rewards/accuracies": 1.0,
      "rewards/chosen": -12.971822738647461,
      "rewards/margins": 10.734784126281738,
      "rewards/rejected": -23.706607818603516,
      "step": 80
    },
    {
      "epoch": 1.5254237288135593,
      "grad_norm": 0.007356451824307442,
      "learning_rate": 1.1757962799343548e-05,
      "logits/chosen": -2.1973729133605957,
      "logits/rejected": -2.0266361236572266,
      "logps/chosen": -6.4013991355896,
      "logps/rejected": -11.825037002563477,
      "loss": 0.00012171926209703088,
      "nll_loss": 0.0,
      "rewards/accuracies": 1.0,
      "rewards/chosen": -12.8027982711792,
      "rewards/margins": 10.847274780273438,
      "rewards/rejected": -23.650074005126953,
      "step": 90
    },
    {
      "epoch": 1.694915254237288,
      "grad_norm": 0.0031869658268988132,
      "learning_rate": 9.80366307539372e-06,
      "logits/chosen": -2.2196173667907715,
      "logits/rejected": -2.0345852375030518,
      "logps/chosen": -6.458984375,
      "logps/rejected": -11.948114395141602,
      "loss": 7.527417619712651e-05,
      "nll_loss": 0.0,
      "rewards/accuracies": 1.0,
      "rewards/chosen": -12.91796875,
      "rewards/margins": 10.978261947631836,
      "rewards/rejected": -23.896228790283203,
      "step": 100
    },
    {
      "epoch": 1.694915254237288,
      "eval_logits/chosen": -2.187925100326538,
      "eval_logits/rejected": -2.0700299739837646,
      "eval_logps/chosen": -6.79019832611084,
      "eval_logps/rejected": -12.36359691619873,
      "eval_loss": 0.00012609401892405003,
      "eval_nll_loss": 0.0,
      "eval_rewards/accuracies": 1.0,
      "eval_rewards/chosen": -13.58039665222168,
      "eval_rewards/margins": 11.146796226501465,
      "eval_rewards/rejected": -24.72719383239746,
      "eval_runtime": 49.4971,
      "eval_samples_per_second": 2.121,
      "eval_steps_per_second": 0.545,
      "step": 100
    },
    {
      "epoch": 1.8644067796610169,
      "grad_norm": 0.020319739356637,
      "learning_rate": 7.856908469349495e-06,
      "logits/chosen": -2.1883676052093506,
      "logits/rejected": -2.041077136993408,
      "logps/chosen": -6.607461452484131,
      "logps/rejected": -12.094182968139648,
      "loss": 0.00012436467222869395,
      "nll_loss": 0.0,
      "rewards/accuracies": 1.0,
      "rewards/chosen": -13.214922904968262,
      "rewards/margins": 10.973443984985352,
      "rewards/rejected": -24.188365936279297,
      "step": 110
    },
    {
      "epoch": 2.0338983050847457,
      "grad_norm": 0.0030153091065585613,
      "learning_rate": 5.9925116689685925e-06,
      "logits/chosen": -2.2118983268737793,
      "logits/rejected": -2.0629613399505615,
      "logps/chosen": -6.47442626953125,
      "logps/rejected": -12.023188591003418,
      "loss": 0.00012007305631414055,
      "nll_loss": 0.0,
      "rewards/accuracies": 1.0,
      "rewards/chosen": -12.9488525390625,
      "rewards/margins": 11.09752082824707,
      "rewards/rejected": -24.046377182006836,
      "step": 120
    },
    {
      "epoch": 2.2033898305084745,
      "grad_norm": 0.001560558914206922,
      "learning_rate": 4.282120397723879e-06,
      "logits/chosen": -2.205479383468628,
      "logits/rejected": -2.0582194328308105,
      "logps/chosen": -6.485767364501953,
      "logps/rejected": -12.150674819946289,
      "loss": 6.386857130564749e-05,
      "nll_loss": 0.0,